{
  "project_info": {
    "project_number": "72654772869",
    "project_id": "profilehub-7ba25",
    "storage_bucket": "profilehub-7ba25.firebasestorage.app"
  },
  "client": [
    {
      "client_info": {
        "mobilesdk_app_id": "1:72654772869:android:122bf32179b5d753a827ec",
        "android_client_info": {
          "package_name": "com.divinetechs.dtfansonly"
        }
      },
      "oauth_client": [
        {
          "client_id": "72654772869-2cor1p2a48erv76idk2ka6q916q28r7b.apps.googleusercontent.com",
          "client_type": 1,
          "android_info": {
            "package_name": "com.divinetechs.dtfansonly",
            "certificate_hash": "878b2bc51ffeea97c99d3f42fbd3b586b6eb954a"
          }
        },
        {
          "client_id": "72654772869-mujhdlbe2ik0qdmmkfqf5emrep9e94a3.apps.googleusercontent.com",
          "client_type": 3
        }
      ],
      "api_key": [
        {
          "current_key": "AIzaSyC_uxShR-AEQ1L8jUGN2XNxiO9iQkwJps4"
        }
      ],
      "services": {
        "appinvite_service": {
          "other_platform_oauth_client": [
            {
              "client_id": "72654772869-469er5nts7jm5l4nk427m8p54unsr802.apps.googleusercontent.com",
              "client_type": 3
            },
            {
              "client_id": "72654772869-31aki444cu0dqilp8pffq7mt55gilp9o.apps.googleusercontent.com",
              "client_type": 2,
              "ios_info": {
                "bundle_id": "com.divinetechs.dtfansonly"
              }
            }
          ]
        }
      }
    },
    {
      "client_info": {
        "mobilesdk_app_id": "1:72654772869:android:59c6d8f81ed349efa827ec",
        "android_client_info": {
          "package_name": "com.nehinfomatics.profilehub"
        }
      },
      "oauth_client": [
        {
          "client_id": "72654772869-19ajam91ietejpost6p4gv9r47lje28q.apps.googleusercontent.com",
          "client_type": 1,
          "android_info": {
            "package_name": "com.nehinfomatics.profilehub",
            "certificate_hash": "878b2bc51ffeea97c99d3f42fbd3b586b6eb954a"
          }
        },
        {
          "client_id": "72654772869-dd5uosevooja35cr1puh2kjlcht9d734.apps.googleusercontent.com",
          "client_type": 1,
          "android_info": {
            "package_name": "com.nehinfomatics.profilehub",
            "certificate_hash": "8a2b71b1acc0a982474483c3af245977ef71050c"
          }
        },
        {
          "client_id": "72654772869-ihs7ks1lk20gqtult8lamjj9cnburg43.apps.googleusercontent.com",
          "client_type": 1,
          "android_info": {
            "package_name": "com.nehinfomatics.profilehub",
            "certificate_hash": "aea4031b7dc9941a1044a5e522a22ce6a0370f93"
          }
        },
        {
          "client_id": "72654772869-mujhdlbe2ik0qdmmkfqf5emrep9e94a3.apps.googleusercontent.com",
          "client_type": 3
        }
      ],
      "api_key": [
        {
          "current_key": "AIzaSyC_uxShR-AEQ1L8jUGN2XNxiO9iQkwJps4"
        }
      ],
      "services": {
        "appinvite_service": {
          "other_platform_oauth_client": [
            {
              "client_id": "72654772869-469er5nts7jm5l4nk427m8p54unsr802.apps.googleusercontent.com",
              "client_type": 3
            },
            {
              "client_id": "72654772869-31aki444cu0dqilp8pffq7mt55gilp9o.apps.googleusercontent.com",
              "client_type": 2,
              "ios_info": {
                "bundle_id": "com.divinetechs.dtfansonly"
              }
            }
          ]
        }
      }
    }
  ],
  "configuration_version": "1"
}